{
    "dynamicsBlock": {
        "VolumeType": 1,
        "FixedDensity": false,
        "FixedInterval": false,
        "InheritScale": false,
        "FollowEmitter": false,
        "FollowEmitterChild": false,
        "Unknown": "00000000",
        "EmitterScaleX": 1.0,
        "EmitterScaleY": 1.0,
        "EmitterScaleZ": 1.0,
        "EmitterTranslationX": 0.0,
        "EmitterTranslationY": 0.0,
        "EmitterTranslationZ": 0.0,
        "EmitterDirectionX": 0.0,
        "EmitterDirectionY": 32767.0,
        "EmitterDirectionZ": 0.0,
        "InitialVelocityOmni": -2.5,
        "InitialVelocityAxis": 0.0,
        "InitialVelocityRandom": 0.75,
        "InitialVelocityDirection": 1.0,
        "Spread": 0.0,
        "InitialVelocityRatio": 0.5,
        "Rate": 0.4000000059604645,
        "RateRandom": 0.699999988079071,
        "LifetimeRandom": 0.44999998807907104,
        "VolumeSweep": 1.0,
        "VolumeMinimumRadius": 1.0,
        "AirResistance": 0.9299999475479126,
        "MomentRandom": 0.29999998211860657,
        "EmitterRotationXDeg": 0,
        "EmitterRotationYDeg": 0,
        "EmitterRotationZDeg": 0,
        "MaxFrame": 0,
        "StartFrame": 0,
        "Lifetime": 80,
        "VolumeSize": 50,
        "DivisionNumber": 15,
        "RateStep": 0,
        "BinaryDataDONOTEDIT": "00000100000000003f8000003f8000003f8000000000000000000000000000000000000046fffe0000000000c0200000000000003f4000003f800000000000003f0000003ecccccd3f3333333ee666663f8000003f8000003f6e147a3e9999990000000000000000000000500032000f00000000"
    },
    "fieldBlocks": [
        {
            "FieldType": 1,
            "VelocityType": 2,
            "NoInheritRotate": false,
            "AirDrag": false,
            "FadeUseEnterTime": false,
            "FadeUseDistanceTime": false,
            "FadeUseFadeIn": true,
            "FadeUseFadeOut": false,
            "PositionX": 0.0,
            "PositionY": 0.0,
            "PositionZ": 0.0,
            "DirectionX": 0.0,
            "DirectionY": 1.0,
            "DirectionZ": 0.0,
            "Param1": 0.800000011920929,
            "Param2": 0.0,
            "Param3": 0.25,
            "FadeIn": 0.5,
            "FadeOut": 1.0,
            "EnterTime": 0.0,
            "DistanceTime": 1.0,
            "Cycle": 0,
            "BinaryDataDONOTEDIT": "00200201000000000000000000000000000000003f800000000000003f4ccccd000000003e8000003f0000003f800000000000003f80000000000000"
        },
        {
            "FieldType": 5,
            "VelocityType": 2,
            "NoInheritRotate": false,
            "AirDrag": false,
            "FadeUseEnterTime": false,
            "FadeUseDistanceTime": false,
            "FadeUseFadeIn": false,
            "FadeUseFadeOut": false,
            "PositionX": 0.0,
            "PositionY": 0.0,
            "PositionZ": 0.0,
            "DirectionX": 0.0,
            "DirectionY": 0.0,
            "DirectionZ": 0.0,
            "Param1": 2.5,
            "Param2": 0.0,
            "Param3": 0.0,
            "FadeIn": 0.0,
            "FadeOut": 1.0,
            "EnterTime": 0.0,
            "DistanceTime": 1.0,
            "Cycle": 15,
            "BinaryDataDONOTEDIT": "00000205000000000000000000000000000000000000000000000000402000000000000000000000000000003f800000000000003f8000000f000000"
        }
    ],
    "baseShape": {
        "ShapeType": 2,
        "DirectionType": 0,
        "RotationType": 0,
        "PlaneType": 0,
        "FlagsUnk11": false,
        "IsGlobalColorAnimation": false,
        "FlagsUnk13": true,
        "IsGlobalTextureAnimation": false,
        "ColorInSelect": 3,
        "AlphaInSelect": 0,
        "IsEnableProjection": false,
        "IsDrawForwardAhead": false,
        "IsDrawPrintAhead": true,
        "FlagsUnk23": true,
        "IsEnableTexScrollAnim": false,
        "DoubleTilingS": false,
        "DoubleTilingT": false,
        "IsNoDrawParent": false,
        "IsNoDrawChild": false,
        "BaseSizeX": 1.5,
        "BaseSizeY": 1.5,
        "BlendMode": 1,
        "SourceFactor": 6,
        "DestinationFactor": 7,
        "BlendModeFlagsUnk10": true,
        "BlendModeFlagsUnk14": false,
        "AlphaCompareType0": 7,
        "AlphaOperator": 0,
        "AlphaCompareType1": 7,
        "AlphaReference0": 0,
        "AlphaReference1": 0,
        "DepthTest": true,
        "DepthCompareType": 2,
        "DepthWrite": false,
        "ZModeFlagsUnk5": 1,
        "IsEnableTexAnim": false,
        "TexFlagsUnk1": true,
        "TexCalcIndexType": 4,
        "TextureIndex": 0,
        "ColorFlagsUnk0": false,
        "IsPrimaryColorAnimEnabled": true,
        "ColorFlagsUnk2": false,
        "IsEnvironmentColorAnimEnabled": true,
        "ColorCalcIndexType": 0,
        "ColorAnimationMaxFrame": 50,
        "PrimaryColor": "ffffffff",
        "EnvironmentColor": "41372dff",
        "AnimationRandom": 255,
        "ColorLoopOffsetMask": 0,
        "TextureIndexLoopOffsetMask": 255,
        "BinaryDataDONOTEDIT": "00c1a002003400403fc000003fc0000005d9e70000251200000a02020032ffffffff41372dffff00ff0000000000ff7428ff0018323232ff0000be3500ff001d141414ff",
        "TextureIndexAnimData": [],
        "EnvironmentColorKeyframes": [
            {
                "Frame": 0,
                "Color": "be3500ff"
            },
            {
                "Frame": 29,
                "Color": "141414ff"
            }
        ],
        "PrimaryColorKeyframes": [
            {
                "Frame": 0,
                "Color": "ff7428ff"
            },
            {
                "Frame": 24,
                "Color": "323232ff"
            }
        ]
    },
    "extraShape": {
        "IsEnableScale": true,
        "IsDiffXY": false,
        "FlagsUnk2": false,
        "FlagsUnk3": false,
        "ScaleAnimTypeX": 0,
        "ScaleAnimTypeY": 0,
        "PivotX": 1,
        "PivotY": 1,
        "IsEnableAlpha": true,
        "IsEnableSinWave": false,
        "IsEnableRotate": true,
        "ScaleInTiming": 0.0,
        "ScaleOutTiming": 0.0,
        "ScaleInValueX": 1.0,
        "ScaleOutValueX": 2.200000047683716,
        "ScaleInValueY": 1.0,
        "ScaleOutValueY": 2.200000047683716,
        "ScaleOutRandom": 0.29999998211860657,
        "ScaleAnimationXMaxFrame": 30,
        "ScaleAnimationYMaxFrame": 30,
        "AlphaInTiming": 0.12999999523162842,
        "AlphaOutTiming": 0.12999999523162842,
        "AlphaInValue": 0.0,
        "AlphaBaseValue": 1.0,
        "AlphaOutValue": 0.0,
        "AlphaWaveFrequency": 0.0,
        "AlphaWaveRandom": 0.0,
        "AlphaWaveAmplitude": 0.0,
        "RotateAngle": 0.0,
        "RotateAngleRandom": 0.0,
        "RotateSpeed": 49.152000427246094,
        "RotateSpeedRandom": 0.0,
        "RotateDirection": 0.0,
        "BinaryDataDONOTEDIT": "0101500100000000000000003f800000400ccccd3f800000400ccccd3e999999001e001e3e051eb83e051eb8000000003f80000000000000000000000000000000000000000000000000000042449ba60000000000000000"
    },
    "textures": [
        "mr_steam00_ia"
    ]
}