{
    "dynamicsBlock": {
        "VolumeType": 1,
        "FixedDensity": false,
        "FixedInterval": false,
        "InheritScale": false,
        "FollowEmitter": false,
        "FollowEmitterChild": false,
        "Unknown": "00000000",
        "EmitterScaleX": 1.0,
        "EmitterScaleY": 1.0,
        "EmitterScaleZ": 1.0,
        "EmitterTranslationX": 0.0,
        "EmitterTranslationY": 0.0,
        "EmitterTranslationZ": 0.0,
        "EmitterDirectionX": 0.0,
        "EmitterDirectionY": 0.0,
        "EmitterDirectionZ": -32768.0,
        "InitialVelocityOmni": 2.0,
        "InitialVelocityAxis": 0.0,
        "InitialVelocityRandom": 7.0,
        "InitialVelocityDirection": 0.5,
        "Spread": 0.0,
        "InitialVelocityRatio": 0.3499999940395355,
        "Rate": 1.0,
        "RateRandom": 0.25,
        "LifetimeRandom": 0.3499999940395355,
        "VolumeSweep": 1.0,
        "VolumeMinimumRadius": 1.0,
        "AirResistance": 0.9299999475479126,
        "MomentRandom": 0.29999998211860657,
        "EmitterRotationXDeg": 0,
        "EmitterRotationYDeg": 0,
        "EmitterRotationZDeg": 0,
        "MaxFrame": 0,
        "StartFrame": 0,
        "Lifetime": 15,
        "VolumeSize": 72,
        "DivisionNumber": 15,
        "RateStep": 0,
        "BinaryDataDONOTEDIT": "00000100000000003f8000003f8000003f8000000000000000000000000000000000000000000000c7000000400000000000000040e000003f000000000000003eb333333f8000003e8000003eb333333f8000003f8000003f6e147a3e99999900000000000000000000000f0048000f00000000"
    },
    "fieldBlocks": [
        {
            "FieldType": 1,
            "VelocityType": 2,
            "NoInheritRotate": false,
            "AirDrag": false,
            "FadeUseEnterTime": false,
            "FadeUseDistanceTime": false,
            "FadeUseFadeIn": true,
            "FadeUseFadeOut": false,
            "PositionX": 0.0,
            "PositionY": 0.0,
            "PositionZ": 0.0,
            "DirectionX": 0.0,
            "DirectionY": 1.0,
            "DirectionZ": 0.0,
            "Param1": 1.2999999523162842,
            "Param2": 0.0,
            "Param3": 0.25,
            "FadeIn": 0.5,
            "FadeOut": 1.0,
            "EnterTime": 0.0,
            "DistanceTime": 1.0,
            "Cycle": 0,
            "BinaryDataDONOTEDIT": "00200201000000000000000000000000000000003f800000000000003fa66666000000003e8000003f0000003f800000000000003f80000000000000"
        }
    ],
    "baseShape": {
        "ShapeType": 2,
        "DirectionType": 0,
        "RotationType": 0,
        "PlaneType": 0,
        "FlagsUnk11": false,
        "IsGlobalColorAnimation": false,
        "FlagsUnk13": true,
        "IsGlobalTextureAnimation": false,
        "ColorInSelect": 3,
        "AlphaInSelect": 0,
        "IsEnableProjection": false,
        "IsDrawForwardAhead": false,
        "IsDrawPrintAhead": true,
        "FlagsUnk23": true,
        "IsEnableTexScrollAnim": false,
        "DoubleTilingS": false,
        "DoubleTilingT": false,
        "IsNoDrawParent": false,
        "IsNoDrawChild": false,
        "BaseSizeX": 1.0,
        "BaseSizeY": 1.0,
        "BlendMode": 1,
        "SourceFactor": 6,
        "DestinationFactor": 7,
        "BlendModeFlagsUnk10": true,
        "BlendModeFlagsUnk14": false,
        "AlphaCompareType0": 7,
        "AlphaOperator": 0,
        "AlphaCompareType1": 7,
        "AlphaReference0": 0,
        "AlphaReference1": 0,
        "DepthTest": true,
        "DepthCompareType": 2,
        "DepthWrite": false,
        "ZModeFlagsUnk5": 1,
        "IsEnableTexAnim": false,
        "TexFlagsUnk1": true,
        "TexCalcIndexType": 4,
        "TextureIndex": 0,
        "ColorFlagsUnk0": false,
        "IsPrimaryColorAnimEnabled": false,
        "ColorFlagsUnk2": false,
        "IsEnvironmentColorAnimEnabled": false,
        "ColorCalcIndexType": 0,
        "ColorAnimationMaxFrame": 30,
        "PrimaryColor": "ff7428ff",
        "EnvironmentColor": "be3500ff",
        "AnimationRandom": 255,
        "ColorLoopOffsetMask": 0,
        "TextureIndexLoopOffsetMask": 255,
        "BinaryDataDONOTEDIT": "00c1a002000000003f8000003f80000005d9e7000025120000000000001eff7428ffbe3500ffff00ff000000",
        "TextureIndexAnimData": [],
        "EnvironmentColorKeyframes": [],
        "PrimaryColorKeyframes": []
    },
    "extraShape": {
        "IsEnableScale": true,
        "IsDiffXY": false,
        "FlagsUnk2": false,
        "FlagsUnk3": false,
        "ScaleAnimTypeX": 0,
        "ScaleAnimTypeY": 0,
        "PivotX": 1,
        "PivotY": 1,
        "IsEnableAlpha": true,
        "IsEnableSinWave": false,
        "IsEnableRotate": true,
        "ScaleInTiming": 0.25,
        "ScaleOutTiming": 0.25,
        "ScaleInValueX": 1.0,
        "ScaleOutValueX": 1.899999976158142,
        "ScaleInValueY": 1.0,
        "ScaleOutValueY": 1.899999976158142,
        "ScaleOutRandom": 0.699999988079071,
        "ScaleAnimationXMaxFrame": 30,
        "ScaleAnimationYMaxFrame": 30,
        "AlphaInTiming": 0.09939999878406525,
        "AlphaOutTiming": 0.44999998807907104,
        "AlphaInValue": 0.0,
        "AlphaBaseValue": 0.75,
        "AlphaOutValue": 0.0,
        "AlphaWaveFrequency": 0.0,
        "AlphaWaveRandom": 0.0,
        "AlphaWaveAmplitude": 0.0,
        "RotateAngle": 0.0,
        "RotateAngleRandom": 0.0,
        "RotateSpeed": 49.152000427246094,
        "RotateSpeedRandom": 0.0,
        "RotateDirection": 0.0,
        "BinaryDataDONOTEDIT": "010150013e8000003e8000003f8000003ff333333f8000003ff333333f333333001e001e3dcb923a3ee66666000000003f40000000000000000000000000000000000000000000000000000042449ba60000000000000000"
    },
    "textures": [
        "mr_steam00_ia"
    ]
}